epoch,train_loss,train_accuracy,val_loss,val_accuracy,subspace_distance
1,1.3026206125612454,0.6624240728900256,0.5009803024067241,0.8505175159235668,1.8807787895202637
2,0.46592684882833524,0.8589154411764706,0.381723439902257,0.8889331210191083,2.1928131580352783
