epoch,train_loss,train_accuracy,val_loss,val_accuracy,subspace_distance
1,1.8397633470690158,0.5074328644501279,0.9466757531378679,0.7386544585987261,1.2680641412734985
2,0.7507735767099254,0.7670636189258312,0.5952725582251883,0.8131966560509554,1.7172240018844604
