epoch,train_loss,train_accuracy,val_loss,val_accuracy,subspace_distance
1,2.136735056519813,0.36804667519181583,1.725018624287502,0.5586186305732485,0.5784838795661926
2,1.235800438219934,0.6240409207161125,0.952108183863816,0.7038216560509554,1.1657145023345947
