epoch,train_loss,train_accuracy,val_loss,val_accuracy,subspace_distance
1,2.2556711063360617,0.23759191176470587,2.178027681484344,0.36504777070063693,0.21362102031707764
2,1.8950251910997473,0.45044757033248084,1.532478488934268,0.5138335987261147,0.6403771638870239
