epoch,train_loss,train_accuracy,val_loss,val_accuracy,subspace_distance
1,1.158514129307569,0.7027054028132992,0.4448339941015669,0.8699243630573248,2.0754759311676025
2,0.41817928082726497,0.8736213235294118,0.34108572215980787,0.8923168789808917,2.4513070583343506
