epoch,train_loss,train_accuracy,val_loss,val_accuracy,subspace_distance
1,1.4929498676067727,0.6132712595907929,0.6190928549143919,0.8227507961783439,1.6998043060302734
2,0.5567869848912329,0.8288043478260869,0.4566318395600957,0.8654458598726115,2.0592613220214844
