epoch,train_loss,train_accuracy,val_loss,val_accuracy
1,0.49852302104234697,0.856575,0.22759606383123976,0.9305334394904459
2,0.1786793194204569,0.94495,0.18861498964867393,0.9432722929936306
