epoch,train_loss,train_accuracy,val_loss,val_accuracy,subspace_distance
1,2.2824458394731795,0.16923335498693037,2.254875159263611,0.27923708558082583,0.09650368988513947
