epoch,train_loss,train_accuracy,val_loss,val_accuracy,subspace_distance
1,2.286056460166464,0.14945354601558375,2.261495041847229,0.2341637432575226,0.08112632483243942
