epoch,train_loss,train_accuracy,val_loss,val_accuracy,subspace_distance
1,2.3014077751003965,0.11125667849365546,2.294049596786499,0.1289441168308258,0.02472434937953949
