epoch,train_loss,train_accuracy,val_loss,val_accuracy,subspace_distance
1,2.304231658273814,0.10795434032167707,2.2994737148284914,0.11972855553030967,0.013766391202807426
