epoch,train_loss,train_accuracy,val_loss,val_accuracy,subspace_distance
1,2.274010249546596,0.2167171556122449,2.235712099075317,0.38447863459587095,0.13128334283828735
