epoch,train_loss,train_accuracy,val_loss,val_accuracy,subspace_distance
1,2.2950354303632463,0.13035059978767316,2.280987286567688,0.17565768510103225,0.051969680935144424
