epoch,train_loss,train_accuracy,val_loss,val_accuracy,subspace_distance
1,2.3010150023869107,0.11145719444873381,2.293328821659088,0.12822840064764024,0.027765918523073196
