epoch,train_loss,train_accuracy,val_loss,val_accuracy,subspace_distance
1,2.2694767494590913,0.2237096848536511,2.225656712055206,0.35803079009056094,0.15024417638778687
