epoch,train_loss,train_accuracy,val_loss,val_accuracy,subspace_distance
1,2.2759761129106795,0.1864304314462506,2.240183484554291,0.3177332267165184,0.11587066948413849
