epoch,train_loss,train_accuracy,val_loss,val_accuracy,subspace_distance
1,2.2507869564757055,0.29327813703186656,2.1838347196578978,0.45349264740943906,0.2186870127916336
