epoch,train_loss,train_accuracy,val_loss,val_accuracy,subspace_distance
1,2.294305076404494,0.1278139045652078,2.2793649435043335,0.17105928286910058,0.057572219520807266
