epoch,train_loss,train_accuracy,val_loss,val_accuracy,subspace_distance
1,2.2368625913347517,0.32690833022399823,2.1526793599128724,0.5210420489311218,0.26748761534690857
