epoch,train_loss,train_accuracy,val_loss,val_accuracy
1,1944272623.7462857,0.1484375,2.3048090722150865,0.09892515923566879
2,2.3045524681925467,0.10653772378516624,2.3036576471510966,0.10648885350318471
3,2.3025939894454255,0.11129315856777494,2.303620742384795,0.10648885350318471
4,2.3025824468763894,0.11061381074168798,2.3046107064386843,0.10648885350318471
5,2.30186856951555,0.1133312020460358,2.302159444541688,0.10877786624203821
6,2.302045238292431,0.11243206521739131,2.30206701709966,0.10648885350318471
