epoch,train_loss,train_accuracy,val_loss,val_accuracy,subspace_distance
1,2.3084693665394695,0.09796595268542199,2.3083340316821057,0.09703423566878981,4.269408009349718e-07
2,2.3081595443398752,0.09840553069053709,2.3080172113552213,0.09693471337579618,7.939299848658266e-07
