epoch,train_loss,train_accuracy,val_loss,val_accuracy
1,0.7998134426924647,0.793507804675978,0.33599459007382393,0.9042853862047195
2,0.309728494560232,0.9091255920273917,0.2622152008116245,0.9247702211141586
3,0.2498252857096341,0.9269580597780189,0.20911453515291215,0.9405330896377564
4,0.20960239412225024,0.9386673198670757,0.19647267758846282,0.9440487146377563
5,0.18113726141805553,0.9467787675711573,0.15812556780874729,0.9574161291122436
