epoch,train_loss,train_accuracy,val_loss,val_accuracy
1,0.3159810410540961,0.9051910166240409,0.24503424737578744,0.9241640127388535
2,0.11958085549661837,0.9634351023017903,0.09962643679100902,0.9709394904458599
3,0.07939228230117894,0.9760230179028133,0.08300978469567456,0.9766122611464968
4,0.05699057114349864,0.9814977621483376,0.0866216883362882,0.9762141719745223
5,0.04192826470158889,0.9871723145780051,0.08597975544213275,0.9734275477707006
