epoch,train_loss,train_accuracy,val_loss,val_accuracy
1,31.633306671142577,0.15375,31.454936155088387,0.15117436305732485
2,31.53723969116211,0.154825,31.431894022947663,0.15386146496815287
