epoch,train_loss,train_accuracy,val_loss,val_accuracy
1,31.46173133239746,0.1402,30.99417159208067,0.1370421974522293
2,31.363379510498046,0.140275,30.995490080232074,0.13953025477707007
