epoch,train_loss,train_accuracy,val_loss,val_accuracy
1,29.82957966003418,0.115425,29.698611046857895,0.10698646496815287
2,29.647663500976563,0.116325,29.669847318321278,0.11156449044585988
