epoch,train_loss,train_accuracy,val_loss,val_accuracy
1,36.90148687133789,0.1392,34.72240514815993,0.14002786624203822
2,34.302195666503906,0.1482,33.48294340728954,0.14510350318471338
