epoch,train_loss,train_accuracy,val_loss,val_accuracy
1,14.816029071044921,0.07875,13.964571430424975,0.07712977707006369
2,13.614238397216797,0.08015,13.185761245192996,0.08608678343949044
