epoch,train_loss,train_accuracy,val_loss,val_accuracy
1,0.6422202144622803,0.79595,0.35621676475379116,0.8873407643312102
