epoch,train_loss,train_accuracy,val_loss,val_accuracy
1,0.7818551414370537,0.79455,0.43084170061881377,0.8702229299363057
