epoch,train_loss,train_accuracy,val_loss,val_accuracy
1,2.356557667541504,0.08005,2.300248440663526,0.12032245222929937
