d_dim,train_loss,train_accuracy,val_loss,val_accuracy
1,22.358030058288573,0.205925,21.739142988897434,0.21367436305732485
