d_dim,train_loss,train_accuracy,val_loss,val_accuracy
1,2.3553589836120605,0.145875,2.2981808215949187,0.1585390127388535
