d_dim,train_loss,train_accuracy,val_loss,val_accuracy
1,2.3570752822875978,0.112225,2.3024429773828787,0.11574442675159236
