d_dim,train_loss,train_accuracy,val_loss,val_accuracy
1,2.3568507453918457,0.101975,2.3019182955383495,0.10181130573248408
