d_dim,train_loss,train_accuracy,val_loss,val_accuracy
1,25.410585372924803,0.19355,25.41738621900036,0.20561305732484075
