epoch,train_loss,train_accuracy,val_loss,val_accuracy
1,1.3601801890042893e+18,0.108675,3.572606830839898,0.11096735668789809
2,2.4065881885528566,0.114075,3.26255183462884,0.11096735668789809
