d_dim,train_loss,train_accuracy,val_loss,val_accuracy
1,28.156663409423828,0.175175,28.082972411137476,0.17983678343949044
