epoch,train_loss,train_accuracy,val_loss,val_accuracy
1,2.3570862434387205,0.0996,2.3024865639437535,0.11763535031847133
