epoch,train_loss,train_accuracy,val_loss,val_accuracy
1,1.2155591872781515,0.85245,0.3520346168594755,0.9038614649681529
