epoch,train_loss,train_accuracy,val_loss,val_accuracy,subspace_distance
1,2.26818606561544,0.2157899433252763,2.2230635285377502,0.38268612176179884,0.15703359246253967
