epoch,train_loss,train_accuracy,val_loss,val_accuracy,subspace_distance
1,2.2800107050915153,0.17383287025957692,2.250455367565155,0.2839096963405609,0.1048332080245018
