epoch,train_loss,train_accuracy,val_loss,val_accuracy,subspace_distance
1,2.2954216368344365,0.12339612187779679,2.281718397140503,0.1562844667583704,0.049112919718027115
