epoch,train_loss,train_accuracy,val_loss,val_accuracy,subspace_distance
1,2.301159430523308,0.11625079719387756,2.2937511563301087,0.13921760097146035,0.026602311059832573
