epoch,train_loss,train_accuracy,val_loss,val_accuracy,subspace_distance
1,2.2329994561720867,0.32954191735812594,2.1440471410751343,0.5355641096830368,0.27572575211524963
