epoch,train_loss,train_accuracy,val_loss,val_accuracy,subspace_distance
1,2.255918203567972,0.27722891617794426,2.1969426035881043,0.4728745400905609,0.2062913477420807
