epoch,train_loss,train_accuracy,val_loss,val_accuracy,subspace_distance
1,2.3085859108459004,0.09782608695652174,2.3085755390726077,0.09663614649681529,6.157754484092948e-08
2,2.3085428290354932,0.09798593350383632,2.3085548072863538,0.09673566878980892,1.0446911602457476e-07
