epoch,train_loss,train_accuracy,val_loss,val_accuracy,subspace_distance
1,2.3085914066685436,0.09780610613810742,2.3085810773691553,0.09663614649681529,tensor(4.6454e-07)
2,2.3085573808006616,0.09800591432225064,2.3085630183007306,0.09673566878980892,tensor(6.7898e-07)
