epoch,train_loss,train_accuracy,val_loss,val_accuracy,subspace_distance
1,2.3076907874982986,0.10170236572890026,2.3066153678165118,0.10877786624203821,5.22944219483179e-07
2,2.3076611568250924,0.10190217391304347,2.306615720129317,0.10867834394904459,6.492599595731008e-07
3,2.307703075506498,0.10184223145780051,2.306616093702377,0.10867834394904459,6.295443313319993e-07
